"model","mean_joint_nll","se_joint","train_test_policy","per_dim_nll_1","per_dim_nll_2"
"true_unconditional",1.40948087002179,0.0665970144165089,"train_test_only",0.704740435010896,0.704740435010896
"true_conditional",0.719265069825852,0.0668310355658773,"train_test_only",0.359632534912926,0.359632534912926
"trtf",1.88097191366634,0.050378514660863,"train_test_only",1.25171615423488,0.62925575943146
"ttm",2.07930290880344,0.0583704054912784,"train_test_only",1.29553478414887,0.783768124654566
"ttm_sep",2.0013254811806,0.0587582083378498,"train_test_only",1.29528193775685,0.706043543423745
"copula_np",1.12832323483921,0.138920532185848,"train_test_only",0.877481858471567,0.250841376367638
