"feature","mu","sigma"
"conc",2061.917347,789.281629276487
"X.ppm..",515.720200000002,1583.49775986385
"conc.1",4791.51201100001,1756.37310574899
"X.ppm...1",1890.741817,442.541808044545
"channels.",1188.60679000001,426.182751306816
"V16",926.027913000003,158.71048728963
"V17",1033.650817,168.3877242099
"V18",5285.11256400002,2013.7911182753
