"model","ks_median_mean","ks_median_se"
"Copula NP",0.0672701575768756,0.000723122626719124
"Marginal Map",0.0784632778864557,0.00727925529739493
"Random Forest",NA,NA
"Separable Map",0.0897237805351631,0.00898389231968596
"True (marginal)",0.0788719984014412,0.00738891258580065
