"dim","distribution","ll_true_sum","ll_param_sum","ll_trtf_sum","delta_ll_param","delta_ll_trtf"
1,"norm",-70.218,-70.244,-72.2960104365054,0.026,2.07772212910605
2,"exp",-44.878,-44.772,-82.8809056470551,-0.106,38.0027740396017
3,"pois",-97.938,-100.965,-1136782.55625496,3.027,1136684.61835335
