"dim","distribution","ll_true_sum","ll_param_sum","ll_forest_sum","ll_kernel_sum","ll_dvine_sum","delta_param","delta_forest","delta_kernel","delta_dvine"
1,"norm",-70.218,-71.565,-72.2960104365054,-69.7306418007774,-64.4658339629817,1.346,2.07772212910605,-0.4876465066219,281.861870107663
2,"exp",-44.878,-44.772,-82.8809056470551,-89.6976874614779,-64.4658339629817,-0.106,38.0027740396017,44.8195558540245,281.861870107663
3,"gamma",332.492,254.952,60.7876416774654,42.0242771511228,-64.4658339629817,77.54,271.704814382069,290.468178908411,281.861870107663
