"dim","distribution","ll_true_sum","ll_param_sum","ll_trtf_sum","delta_ll_param","delta_ll_trtf"
1,"norm",-70.218,-70.244,-72.2960104365054,0.026,2.07772212910605
2,"t",-83.734,-83.375,-99.3738083323147,-0.359,15.6400401962369
3,"laplace",-71.429,-72.312,-78.0085015929683,0.883,6.57942727249136
4,"logis",-99.379,-99.633,-100.282475212641,0.254,0.903534507775191
