"feature","mu","sigma","eps"
"Global_active_power",1.09255016999246,1.05773134596888,0.000999999999999446
"Voltage",240.842300049402,3.23955594556149,0.00499999999999545
"Global_intensity",4.67950404979624,4.44641810239557,0.0999999999999979
"Sub_metering_1",1.37458252197421,6.16401328725539,0.5
"Sub_metering_2",1.54667060729753,5.81937417299844,0.5
"Sub_metering_3",6.71026743078054,8.43904873807639,0.5
