"model","split","k","mean_nll","se"
"crossterm","train",1,2.36397575761716,0.189165290997685
"crossterm","train",2,-0.265109646114056,0.217234353677289
"crossterm","train",3,1.01620195670247,0.201437470663459
"crossterm","train",4,1.45677507603346,0.19824197885555
"crossterm","test",1,2.61455296771481,0.527236572656391
"crossterm","test",2,15.5404417465132,15.398739726178
"crossterm","test",3,6.21200478286526,5.01298537808408
"crossterm","test",4,22.7422483032247,20.9525444756772
