"t_basis_dim","g_dim","h_dim","degree","df","boundary_left","boundary_right","knots","colmean_head","colsd_head"
6,10,60,3,4,-3.29280324430255,3.29280324430255,"","0.135557,0.367508,0.361358,0.130499,0","0.0620335,0.0604567,0.0577529,0.0684574,0"
