"dim","mu","sigma"
1,4.0141224327246,6.2843040213217
2,0.681022221505365,0.257963834436346
3,0.139574349951151,0.958657226280677
4,2.32096716758279,2.48819088746355
