"k","iter","n_clipped_pos","n_clipped_neg","max_abs_h_raw","max_abs_h","max_exp_h_tilde"
1,NA,0,0,1.79102790133213,1.79102790133213,5.99561219780775
2,NA,0,9,25.3565578101229,8,1745.87674306525
3,NA,16,0,18.3620059112743,8,2980.95798704173
4,NA,0,0,6.5751993163986,6.5751993163986,717.088537613882
