"t_basis_dim","g_dim","h_dim","degree","df","boundary_left","boundary_right","knots","colmean_head","colsd_head"
14,7,98,3,12,-5.08483497311278,5.08483497311278,"-0.516756,-0.281794,-0.122457,-0.0336004,0.0336004,0.122457,0.281794,0.516756","0.000332499,0.00454641,0.0326015,0.21908,0.130619","0.00317984,0.0226842,0.0873532,0.333689,0.211849"
