"k","iter","n_bound_pos","n_bound_neg","max_abs_h_raw","max_abs_h_bound","max_exp_h_bound"
1,NA,0,0,2.90523632072724,2.90523632072724,15.9072612408882
2,NA,0,0,3.34689328075572,3.34689328075572,15.4530739365539
3,NA,0,2,4.13397445540926,4,31.1486794545555
4,NA,0,0,3.66932835044115,3.66932835044115,19.8497032145642
