"dim","mu","sigma"
1,1.98234374718803,2.57219855749343
2,0.582363182394607,0.343570535865875
3,0.166856052957803,1.17924367594172
4,2.03838549331885,5.06325131129244
