"step","perm_csv","nll_val","accepted","train_sec"
1,"1,2,3,4",45.2555479395291,FALSE,6.879
2,"1,3,2,4",10.2978545261825,FALSE,6.333
3,"3,1,2,4",10.3525473378262,FALSE,6.052
4,"1,2,3,4",45.2555479395291,FALSE,6.332
5,"1,3,4,2",6.63301787438655,FALSE,5.46900000000001
6,"1,3,4,2",6.63301787438655,TRUE,5.46900000000001
6,"3,1,4,2",6.68771066098727,FALSE,5.379
7,"1,4,3,2",6.89696540508718,FALSE,7.11500000000001
8,"1,3,2,4",10.2978545261825,FALSE,6.474
