"model","split","k","mean_nll","se"
"separable","train",1,2.79369668855092,0.161853938811157
"separable","train",2,-0.143287132998198,0.0863670036332572
"separable","train",3,1.10224235462548,0.0902618723072396
"separable","train",4,1.59356299623868,0.136814560844067
"separable","test",1,3.04380903611062,0.503998838287062
"separable","test",2,0.139614614111624,0.248352816317571
"separable","test",3,1.10618632451208,0.289150843482004
"separable","test",4,2.80055500662005,0.936417689082697
