"model","k","p_value"
"separable",1,0.0160105588497007
"separable",2,0.653425938990176
"separable",3,0.0079438895749906
"separable",4,0.409085867418026
"crossterm",1,0.512901439342051
"crossterm",2,1.01982700766956e-05
"crossterm",3,4.86763233526049e-05
"crossterm",4,4.09987909399092e-06
